{
    "root": {
        "name": "torso",
        "parts": {
            "abdomen": {
                "parts": {
                    "leftThigh": {
                        "parts": {
                            "leftTibia": {
                                "pivot": [
                                    10.0,
                                    0.0
                                ],
                                "position": [
                                    14.999267578125,
                                    119.9993896484375
                                ],
                                "rotation": 10.0,
                                "size": [
                                    20.0,
                                    55.0
                                ],
                                "tint": [
                                    255,
                                    255,
                                    255,
                                    255
                                ],
                                "zIndex": -1
                            }
                        },
                        "pivot": [
                            11.0,
                            0.0
                        ],
                        "position": [
                            14.999267578125,
                            69.99993896484375
                        ],
                        "rotation": -73.31553649902344,
                        "size": [
                            22.0,
                            50.0
                        ],
                        "tint": [
                            255,
                            255,
                            255,
                            255
                        ],
                        "zIndex": -2
                    },
                    "rightThigh": {
                        "parts": {
                            "rightTibia": {
                                "pivot": [
                                    10.0,
                                    0.0
                                ],
                                "position": [
                                    -15.0003662109375,
                                    119.9990234375
                                ],
                                "rotation": 10.0,
                                "size": [
                                    20.0,
                                    55.0
                                ],
                                "tint": [
                                    255,
                                    255,
                                    255,
                                    255
                                ],
                                "zIndex": 1
                            }
                        },
                        "pivot": [
                            11.0,
                            0.0
                        ],
                        "position": [
                            -15.0008544921875,
                            69.99932861328125
                        ],
                        "rotation": -8.11783504486084,
                        "size": [
                            22.0,
                            50.0
                        ],
                        "tint": [
                            255,
                            255,
                            255,
                            255
                        ],
                        "zIndex": 2
                    }
                },
                "pivot": [
                    20.0,
                    0.0
                ],
                "position": [
                    0.0,
                    30.0
                ],
                "rotation": -26.56505012512207,
                "size": [
                    40.0,
                    50.0
                ],
                "tint": [
                    255,
                    255,
                    255,
                    255
                ],
                "zIndex": 0
            },
            "head": {
                "pivot": [
                    19.0,
                    55.0
                ],
                "position": [
                    2.0,
                    -20.0
                ],
                "rotation": -6.0,
                "size": [
                    42.79999923706055,
                    47.5
                ],
                "tint": [
                    255,
                    255,
                    0,
                    255
                ],
                "zIndex": 1
            },
            "leftArm": {
                "parts": {
                    "leftForearm": {
                        "pivot": [
                            10.0,
                            0.0
                        ],
                        "position": [
                            14.99981689453125,
                            29.99884033203125
                        ],
                        "rotation": -108.36103820800781,
                        "size": [
                            20.0,
                            50.0
                        ],
                        "tint": [
                            255,
                            255,
                            255,
                            255
                        ],
                        "zIndex": -2
                    }
                },
                "pivot": [
                    10.0,
                    10.0
                ],
                "position": [
                    15.0,
                    -10.0
                ],
                "rotation": -85.13541412353516,
                "size": [
                    20.0,
                    50.0
                ],
                "tint": [
                    255,
                    255,
                    255,
                    255
                ],
                "zIndex": -2
            },
            "rightArm": {
                "parts": {
                    "rightForearm": {
                        "pivot": [
                            10.0,
                            0.0
                        ],
                        "position": [
                            -14.99951171875,
                            30.0008544921875
                        ],
                        "rotation": 105.53904724121094,
                        "size": [
                            20.0,
                            50.0
                        ],
                        "tint": [
                            255,
                            255,
                            255,
                            255
                        ],
                        "zIndex": 2
                    }
                },
                "pivot": [
                    10.0,
                    10.0
                ],
                "position": [
                    -15.0,
                    -10.0
                ],
                "rotation": 107.26580810546875,
                "size": [
                    20.0,
                    50.0
                ],
                "tint": [
                    255,
                    255,
                    255,
                    255
                ],
                "zIndex": 2
            }
        },
        "pivot": [
            22.5,
            20.0
        ],
        "position": [
            0.0,
            0.0
        ],
        "rotation": -3.0,
        "size": [
            45.0,
            50.0
        ],
        "tint": [
            255,
            255,
            255,
            255
        ],
        "zIndex": 0
    }
}